error_category,strict_category,evidence_supports,same_under_strict_rules,analysis,question_id,step_index
incomplete_or_truncated_step,incomplete_or_truncated_step,True,True,"The step mislabels average rank as y-axis values, provides a garbled entry 'IFAlpha1:> - 8.53', and lists only ~10 algorithms while the chart shows 13 algorithms with AUROC >72, making it incomplete and inaccurate.",2361,1
incomplete_or_truncated_step,incomplete_or_truncated_step,True,True,"The step is truncated to 'target shows the' with no data extraction, value reading, or ranking at displacement=5.3, so it does not provide a verifiable or logically complete inference.",1177,1
incomplete_or_truncated_step,incomplete_or_truncated_step,True,True,"Redefines S_1 as 'region under the GIC line between u=5 and approximately intersects', which contradicts the question definition of S_1 as enclosed by L_GIC, u=5, and L_AIC, and leaves the bound incomplete.",2147,2
incomplete_or_truncated_step,incomplete_or_truncated_step,True,True,"Plot (c) y-axis is labeled lg(fluorescence intensity), not just fluorescence intensity, so the axis description is factually inaccurate / incomplete.",1275,0
incomplete_or_truncated_step,incomplete_or_truncated_step,True,True,"In the middle figure (No Truncation Methodology), the Chemical line first crosses above the Pharma line around 1990, not 2010–2012. The claimed year range contradicts the chart and the verified ground truth answer of 1990.",525,1
incomplete_or_truncated_step,incomplete_or_truncated_step,True,True,"The text is garbled and incomplete ('The means less than % 90%'), fails to identify the four rate values at ~50%, ~53%, ~58-59%, ~62-63%, and does not correctly conclude that 3 (Missing, Width, Uncertainty) are below 60%.",543,2
incomplete_or_truncated_step,incomplete_or_truncated_step,True,True,"The step lists a subset of strains and assigns colors, but it omits Barnesiella, Enterococcus, and Clostridioides difficile and mischaracterizes the Lachnospiraceae colors as orange/purple versus the actual orange/brown shades, making the legend extraction incomplete and inaccurate.",1531,1
incomplete_or_truncated_step,incomplete_or_truncated_step,True,True,"Again claims headlines (dim:100) with true comparison but triplicates the same category, logically inconsistent for counting distinct categories and leaving the true set of 6 (wikipedia + 5 headlines) incomplete.",1913,6
incomplete_or_truncated_step,incomplete_or_truncated_step,True,True,"FAIL: Incorrect reading at N≈1200 where max successful is ~1100s not ~850s, and second bullet is incomplete/nonsensical, breaking logical coherence.",1038,2
incomplete_or_truncated_step,incomplete_or_truncated_step,True,True,"The step is truncated to 'Summaring Step 2 and' with no completed reasoning or conclusion, providing no verifiable claim and breaking logical coherence.",36,3
incomplete_or_truncated_step,incomplete_or_truncated_step,True,True,"While the listed numbers match their subplots, the list omits SA-Q-dev with average 30.75, which is the highest value and essential for determining third highest. Incomplete extraction makes the step inaccurate.",153,4
incomplete_or_truncated_step,incomplete_or_truncated_step,True,True,"The legend shows four J/U ratios: 0.18, 0.12, 0.06, and 0.0. Claiming the range is 0.06 to 0.18 omits the 0.0 curve and is factually incomplete, contradicting the chart.",1235,0
incomplete_or_truncated_step,incomplete_or_truncated_step,True,True,"The chart shows three groups Warm-a, Warm-b, and Warm-c, not only Warm-b, and the ground truth indicates Warm-c has the smallest 12 vs 20 difference. Singling out Warm-b as the target subplot is factually incomplete and incorrect.",279,0
incomplete_or_truncated_step,incomplete_or_truncated_step,True,True,"Step is incomplete with no subplot letter provided, fails to answer the question, and is logically incoherent following the prior false premises; ground truth is c which is not stated.",1071,4
incomplete_or_truncated_step,incomplete_or_truncated_step,True,True,"While rho_max=0.0112 is near t=1 on the colorbar, the statement 't increases over' is incomplete and the step continues the incorrect premise of reading t as a function of rho_max. It fails to evaluate which t has the smallest darkest area (ground truth t=0.75).",945,4
incomplete_or_truncated_step,incomplete_or_truncated_step,True,True,"The chart has three distinct y-axis row labels: MEPS, BLOG, and COMMUNITIES. Claiming the y-axis represents only 'MEPS' is incomplete and factually incorrect for the whole figure, and contradicts the ground truth row BLOG.",2105,1
incomplete_or_truncated_step,incomplete_or_truncated_step,True,True,"The step misreads values on the rightmost plot (e.g., T1 at β=1 is ~38-45%, not ~55%) and contains garbled incomplete entries, failing to report T4 at β=0 and T2/T3 deltas. It also incorrectly concludes 'highest Accuracy Value is T4' (absolute value, false as T2 is ~70% at β=0) instead of computing increase Δ=acc(1)-acc(0).",84,1
incomplete_or_truncated_step,incomplete_or_truncated_step,True,True,"Duplicate inaccurate description of values and truncates without performing required ShapeWorld vs Birds Concept variance comparison, hallucinating content instead of answering question.",113,4
incomplete_or_truncated_step,incomplete_or_truncated_step,True,True,Incomplete concluding step that provides no estimate and fails to correct the prior 29k error or arrive at the ground-truth ~10000 infections.,2271,4
incomplete_or_truncated_step,incomplete_or_truncated_step,True,True,"Step 0 claims yellow squares exist only for brushingTeethElectric, dishes, nothing, and typing, missing at least 9 other yellow cells visible in the chart such as blender (1), brushingTeethRegular (3,1,1), medicine (2), microwave (4), shaving (1), and typing's second yellow. This is an incomplete and incorrect identification of yellow squares.",130,0
hallucinated_entity,hallucinated_entity,True,True,"While 0.03 > 0.02 > 0.01 is arithmetically true, the differences are based on hallucinated values that do not match the blue model ensemble data; the real AAV difference (~0.15) is largest but not as stated.",1653,4
hallucinated_entity,hallucinated_entity,True,True,"Similarly, Q2 at 11:10 PPD is around -0.4, not a standard deviation of 0.08. The chart contains no such numbers.",1986,4
hallucinated_entity,hallucinated_entity,True,True,"States 'Recalculating' matches the pattern, but no averaging calculation along z is shown and it endorses the previous hallucinated red-transition pattern that does not exist in the chart.",697,2
hallucinated_entity,hallucinated_entity,True,True,Y-axis level 35 is outside the chart's y-range and the claimed NO_2 level ~35 is invented with no support from the map.,2236,8
hallucinated_entity,hallucinated_entity,True,True,"Step 1 hallucinates a large list of 11+ renewable-only countries including incorrect code mappings like SVK for Sweden and RSA, contradicting the visual where only 6 columns have color exclusively in the Renewable row.",466,1
hallucinated_entity,hallucinated_entity,True,True,"Step hallucinates precise numeric values (2.4, 3.5, 2.8, 1.8, 3.0, 2.7) not present on the unlabeled relative-length bars and claims GATE is ~1.8 shortest, which directly contradicts the visual where GATE has the longest Posterior bar and the ground truth answer Gate.",145,1
hallucinated_entity,hallucinated_entity,True,True,"Step 2 claims 'At T5, the first red cross' reaches 75%, which is false - there is only one cross at T5 and its value is far below 75%, showing hallucinated numbers and misidentification.",1146,2
hallucinated_entity,hallucinated_entity,True,True,"Year 2015 is outside the chart x-range which ends at 2014, and 87.8 exceeds the y-axis limit, so this is hallucinated.",507,9
hallucinated_entity,hallucinated_entity,True,True,"Step 2 is factually incorrect and hallucinates domain bias; the chart shows w2 (black solid) has clearly the highest values (~600 by 2020), not m, and provides no evidence that m represents greatest average.",2000,2
hallucinated_entity,hallucinated_entity,True,True,"The x-axes do show dates labeled like 'Apr 21', but there is no 'April 2022' on the chart, so mentioning April 2022 is hallucinated. Finding an intersection point is also irrelevant to the white-space question.",1921,0
hallucinated_entity,hallucinated_entity,True,True,"Data extraction is factually incorrect: ±0 is ~0% not -1%, ±4 is ~-10.7% not -9%, ±8 is ~-7.5% not -11% and ±10 is ~-7% not -14%, and it invents a monotonic worsening trend opposite to the U-shaped curve where only middle points are below -9%.",321,1
hallucinated_entity,hallucinated_entity,True,True,"At y=0 the chart shows only a single point at x=0 with no horizontal extent, length 0, not 1.5 units. The value is hallucinated and exceeds the axis scale logic.",962,1
hallucinated_entity,hallucinated_entity,True,True,"Builds on flawed previous steps, comparing 5/1 and hallucinated 1/5 as minima instead of computing the difference between 1000 (red) and 10000 (green) at each strategy.",2010,3
hallucinated_entity,hallucinated_entity,True,True,"Step 3 repeats the hallucinated 'week 2' instead of the dated week 2022-02-07 and asserts a drop after, which relies on non-consolidated data after the dashed line and is not a precise reading of the peak week.",1680,3
hallucinated_entity,hallucinated_entity,True,True,"Claims at u=5 the y-values are ~11.5, 9.8, 13.0. The chart y-axis only goes from -2 to 8 (top scale 0-15 in eigen panels) and actual values at u=5 are near 0-2, so numbers are hallucinated and the phrase 'crosses the u-axis' is misused.",2147,1
hallucinated_entity,hallucinated_entity,True,True,The chart has no x-axis representing age categories; it is a 2x3 grid of choropleth maps labeled by gender and age group. The step hallucinates axes and data points at the extreme left.,2234,0
hallucinated_entity,hallucinated_entity,True,True,"Year 2009 is not a visible x-axis label and the chart shows no rise to 81 between 2008-2010; the median stays at or below 80 there, so the claim of 81 in 2009 is hallucinated and contradicts the true first crossing between 2006-2008.",507,2
hallucinated_entity,hallucinated_entity,True,True,"The claim of ~-30 nA is hallucinated; the visible scale in (c) is positive 0.10 to 0.32 nA, and no -30 nA data point exists.",1332,1
hallucinated_entity,hallucinated_entity,True,True,"CHEDDAR row shows blue presence only in Arkansas, Iowa, etc., while New York and New Jersey columns are white/empty for that row, so claiming both have CHEDDAR light blue present is a misreading/hallucination.",2166,1
hallucinated_entity,hallucinated_entity,True,True,"Year 2011 is not visible on x-axis and the median around 2011 is ~79, not 83.9, which is a hallucinated high value.",507,5
arithmetic_error,arithmetic_error,True,True,"While 45-30=15 is arithmetically correct, the conclusion that the right subplot has 15 more points is factually false, as the ground truth difference is 0, and it propagates prior counting errors.",2083,3
arithmetic_error,arithmetic_error,True,True,"Incorrect math: 7500 * 1e-6 = 0.0075, not 0.075 ms, and irrelevant unit conversion contradicts the question; also introduces logical confusion about time frame.",2133,1
arithmetic_error,arithmetic_error,True,True,"The inequality 2.5 cm > 1. cm > 1.8 cm is mathematically false (1.0 is not > 1.8) and the comparison incorrectly crowns FOREST as highest, which contradicts both the visual data and Ground Truth GATE.",145,4
arithmetic_error,arithmetic_error,True,True,"Step 2 contains incorrect arithmetic ordering (7.7% < 7.1% is false, 7.1% < 8.0% should come first) and concludes 32.5% is highest based on faulty data, contradicting the ground truth 33.1% for Nuclear operation safety.",575,2
arithmetic_error,arithmetic_error,True,True,"The inequality chain 18.21 > 7.71 > 15.59 is mathematically false since 7.71 is not greater than 15.59, and the comparison ignores Italy's 26.04 which is the true highest European overnight value.",1929,4
arithmetic_error,arithmetic_error,True,True,"Arithmetic 0.28/0.32=0.875 is mathematically correct and consistent with prior steps, but the ratio is factually wrong per the chart; the true blue/black ratio at zero is ~0.4/0.2≈2, matching ground truth 2.",1439,3
arithmetic_error,arithmetic_error,True,True,"Claiming 60% ≈ 30% is mathematically false (30 point difference) and constitutes an invalid logical comparison, also leading to an incorrect conclusion versus ground truth 'Training on 4-hop Questions'.",268,3
arithmetic_error,arithmetic_error,True,True,"x-axis is β is correct, but stating β < 0.001 = 0.001 and conjoining with β > 2.5 as simultaneous is mathematically false; the two intervals are disjoint and not equal.",1569,0
arithmetic_error,arithmetic_error,True,True,"Inequality -0.12 pW > -0.05 pW is mathematically false, and using signed endpoint differences to infer greater variance contradicts the chart where first chart clearly shows greater noise between 0-200 s.",1330,3
arithmetic_error,arithmetic_error,True,True,"Arithmetic 11-4=7 is correct internally, but the claimed increase of ~7 p.u. is factually wrong per the chart where KE3 rises from ~0 to ~39 p.u., and it propagates prior misreadings.",708,4
arithmetic_error,arithmetic_error,True,True,"The inequality chain '85 > 12 > 85 > 90 > 8 > 55' is mathematically false (e.g., 12 > 85 is false, 85 > 90 is false) and compares raw outlier values instead of distance from Q3.",833,7
arithmetic_error,arithmetic_error,True,True,"Step 2 concludes 11 countries only use renewable, which is mathematically wrong against the verified ground truth of 6 and inconsistent with the visual filtering required.",466,2
arithmetic_error,arithmetic_error,True,True,"The comparison '-90 dB < -100 dB' is mathematically false (-90 dB is greater than -100 dB), and the implied conclusion contradicts the ground truth that the staggered PRF has larger power at 3 km.",766,2
arithmetic_error,arithmetic_error,True,True,"The arithmetic 1+1=2 is correct but the factual count is wrong per ground truth (3 crossings) and is based on two false prior detections, so the conclusion is factually inaccurate.",493,3
arithmetic_error,arithmetic_error,True,True,"Misreads the chart: Epoch 1 is ~16.5 not 17.5 and Epoch 2 is ~10.7 not 12.0; while 17.5-12.0=5.5 is arithmetically correct, the input values are inaccurate.",917,1
arithmetic_error,arithmetic_error,True,True,"Calculates t as 0.72 by doubling 0.36, which contradicts the visual data where the intersection is at t≈3 (ground truth 3), so the x-value reading and method are both wrong despite correct arithmetic.",464,3
arithmetic_error,arithmetic_error,True,True,"The formula stated as 'inside minus inside' equals zero, not total minus inside, which is mathematically incorrect and contradicts the correct method in Step 3.",2004,4
arithmetic_error,arithmetic_error,True,True,"Step 3 contains incorrect arithmetic and conclusion: even using its own 98.47, 98.47-89.25=9.22 not 6.47, and using chart truth 98.42-89.25=9.17, not 6.47%, so logical consistency fails.",61,3
arithmetic_error,arithmetic_error,True,True,"Arithmetic is nonsensical '1 (KMTA) + 1 (KMTC) + 2 (KMTS, MOA)' and contradicts previous steps which claimed 3 labels on peaks. Total is incorrect versus chart and ground truth answer of 2.",1455,3
arithmetic_error,arithmetic_error,True,True,"Correctly reads BitCom 36% and SemCom 64% for Case 1 (P0=2W), but incorrectly claims 36% is larger than 64%, which is mathematically false.",215,2
axis_or_layout_misread,axis_or_layout_misread,True,True,"Plot b is a circular/donut plot with no x-axis; theta labels appear in the top color bar and in panels e/f, not as an x-axis of plot b. The step misidentifies the chart structure.",1607,0
axis_or_layout_misread,threshold_or_comparison,True,False,"Again states true is slightly higher than estimated at x=400, failing to recognize the ground-truth pattern (estimated above true for h1 400-450) and adding no new evaluation of the other subplots.",461,4
axis_or_layout_misread,axis_or_layout_misread,True,True,"Misreads values: ShapeWorld rho (Hausdorff) y-axis is 0-0.20 and Concept bar is ~0.12-0.15, not ~0.4. The value 0.4 is outside the ShapeWorld subplot range.",113,2
axis_or_layout_misread,axis_or_layout_misread,True,True,"Chart is a 2D heatmap, not 3D: x-axis columns are location/scale/skewness, y-axis rows are variable names (e.g., kw_avg_avg), there is no z-axis. Claiming y-axis is 'scale' and z-axis is 'skewness' is factually wrong.",2145,0
axis_or_layout_misread,logic_inconsistency,True,False,"The question asks in which subplot (OR, FR, MR, HR) overlap is most, not when; reframing as comparing frequency across dates to find a temporal point misinterprets the task and contradicts ground truth OR.",1994,2
axis_or_layout_misread,logic_inconsistency,True,False,"Group 7 (column 7) actually contains three subplots (a,b,c), not two, so the count of subplots is factually wrong from the visual layout.",1375,1
axis_or_layout_misread,logic_inconsistency,True,False,"Repeats the false quadrant claim. The European panels are separate subplots (Germany, France, Italy, Netherlands, etc.), not points in a quadrant, so locating them in an upper right quadrant is factually incorrect per visual data.",1929,2
axis_or_layout_misread,axis_or_layout_misread,True,True,"Defines median>100 as red dot lying outside the box; this is logically invalid - being outside box does not indicate y-axis value >100, the correct check is y-position above 100 on log scale.",2158,1
axis_or_layout_misread,axis_or_layout_misread,True,True,"The x-axis shows n=10 to 18, not 10 to 188, and the y-axis shows FPR/TPR, not r; r is a legend parameter for each colored curve. Both axis readings are factually incorrect.",2138,0
axis_or_layout_misread,axis_or_layout_misread,True,True,"FAIL: The question asks about the σ8 vs μ subplot (row 4, col 3 where x=σ8 and y=μ), not Ωm,0 vs h. The step misidentifies axes and claims a non-existent z-axis represents strategies, while strategies are encoded by color per legend.",1360,0
axis_or_layout_misread,axis_or_layout_misread,True,True,"Incorrectly claims ZO-iALM (red) has only one tick mark at 2 million queries; the chart shows ~6-7 markers for red and x-axis tops at 5.4e5 (~0.54M), not 2M, contradicting ground truth that ZO-AdaMM has fewest.",1044,1
axis_or_layout_misread,axis_or_layout_misread,False,True,"The step claims peak differences between major and minor are examined at LD1major around 0, but the minor axis is LD1minor and the largest inter-column peak shift (41 Merger DPS) is not at 0 for the major side (~5).",1268,1
axis_or_layout_misread,logic_inconsistency,True,False,"Every subplot shows plotted curves with measurable values; Row 2 column (a) clearly shows low, flat values around -2 to -3 rad/mm. Claiming no values is factually false.",1317,4
axis_or_layout_misread,wrong_series_or_color,True,False,"Continues the error using AE posterior green curve instead of VAE posterior, and claims closest at 0.2, whereas the ground truth shows VAE posterior is closest to Real density at 1.0 in this subplot.",1511,1
axis_or_layout_misread,axis_or_layout_misread,True,True,"The x-axis shows years (2020, 2030, 2040, 2050), not energy sources; energy sources are in the legend/stack. Mislabeling the x-axis is a factual extraction error.",354,0
axis_or_layout_misread,other_unspecified,False,False,"Step 1 fundamentally misinterprets the query, stating we need intersection with horizontal line y=0 instead of evaluating values at vertical line x=0.6.",955,1
axis_or_layout_misread,axis_or_layout_misread,True,True,"The x-axis is Sigma, correct, but the step incorrectly reframes the task as finding Sigma > 2 when the question asks for Risk > 1.5, introducing an unsupported numeric threshold.",395,0
axis_or_layout_misread,axis_or_layout_misread,True,True,"The x-axis shows the categories Warm-a, Warm-b, Warm-c, not numbers of samples; the sample/iteration counts 4/8/12/16/20 are in the legend. Misidentifying x-axis content is a factual chart-reading error.",279,0
axis_or_layout_misread,axis_or_layout_misread,True,True,"The spk2 plot in the second row is a spectrogram whose y-axis is Frequency (bin) but whose x-axis is frame/time, not 'Query (frame)' which belongs to the large attention maps below. The step also misstates the goal as finding a frequency point instead of a frame number.",286,0
axis_or_layout_misread,axis_or_layout_misread,True,True,"The bar plots in the right two columns have x-axis 'parameter a' and y-axis 'Likelihood of switching'; x-axis 'Competitor - IdealMean' belongs to the separate lower-left histograms, so combining them into one plot description is factually incorrect.",1028,0
ranking_error,threshold_or_comparison,True,False,"The step mislocates the largest gap as 'between March-May 2020 and later periods' instead of the specific period Nov 20-Jan 21, and misreads the Cash value at the gap as 'slightly above 0.02' when it is ~0.04-0.045 while Control approaches zero.",514,3
ranking_error,ranking_error,True,True,"The step fails to identify any marker and relies on the incorrect percentile definition from Step 2, providing no valid logical path to determine the second-highest stress at 6 ms (ground truth A3).",1661,3
ranking_error,logic_inconsistency,True,False,"Claiming Ts3/T3 has the greatest increase from β=0 to β=1 is false for the rightmost plot; T3 is flat or slightly decreasing while T4 shows the largest increase from ~20% to ~60%, contradicting both the chart and ground truth T4.",84,1
ranking_error,wrong_series_or_color,True,False,"At A3 in top-right OSI graph, largest is LIA (~0.36), not α-Arteries light blue line which belongs to bottom r-plot; attribution to bottom legend is incorrect.",1580,4
ranking_error,wrong_numeric_read,True,False,"This repeats Step 1 verbatim, retaining the same ~1 fps misreading and the same logical error of equating x near zero with lowest throughput, which does not address average throughput per configuration.",8,2
ranking_error,other_unspecified,False,False,"Incorrectly re-defines a local minimum as a point where power decreases after an earlier increase, which actually describes a decreasing segment after a peak, not a minimum valley.",649,2
ranking_error,ranking_error,True,True,"The 2.5% Gap lowest value of 73.0% occurs in two scenarios (1024 and 1536), both tied for the minimum. The step claims the lowest occurs only at 1024, missing the tie at 1536, which contradicts the ground truth of 2 scenarios.",1196,1
ranking_error,logic_inconsistency,True,False,"FAIL: Concludes SKAO (GCsp+IM) has least variation, contradicting ground truth which is SKAO (GCsp+IM+WLco+GCco+XCco) (purple combined strategy) that shows the smallest/most concentrated contour in the σ8-μ panel.",1360,2
ranking_error,other_unspecified,False,False,"Incorrect – Year 11 is still before the maximum density at Year 12, so density has not started its significant post-peak decrease at Year 11.",418,3
ranking_error,ranking_error,True,True,"Step 1 claims StructNet is lowest at Eb/No=12, but the chart shows ADNN-GT (green inverted triangle) is slightly lower than StructNet (blue) at 12, with ADNN-LMMSE highest; this misreads the data and contradicts ground truth ADNN-GT.",810,1
ranking_error,ranking_error,True,True,"False ranking. In Noisy MNIST at c=0.35, ANGLE (gray dashed) has one of the highest risks, not second-lowest, so it cannot be second-best.",2130,2
ranking_error,other_unspecified,False,False,"The claim that -0.1253 is the minimum across all groups is false; the matrix contains -5.0439 and -4.4092, and for column G the true minimum is -0.0466 per ground truth.",568,2
ranking_error,wrong_series_or_color,False,False,"Factually incorrect about timing: at Time 0 the FE (red dashed) value is ~+0.18, not -0.3. The minimum of ~-0.3 occurs later around t=40-60, not at t=0.",1126,1
ranking_error,ranking_error,True,True,"At scenario 1024 the 2.5% Gap is 73.0%, not close to 85%. This is actually one of the lowest values, but described incorrectly as ~85%.",1196,10
ranking_error,threshold_or_comparison,True,False,"Repeats the visual misreading that highest peaks occur at t=8, which contradicts the chart where t=8 is a minimum, and fails to perform the required height comparison among the four signals.",1643,2
ranking_error,wrong_numeric_read,False,False,"The ground truth value at maximum x (0.98) for 20% trimming is 0.2, but the step claims approximately 0.21 based on a misreading of the y-position, which is factually incorrect.",598,2
ranking_error,wrong_series_or_color,True,False,"Incorrect: column (d) Arbitrary dispersion curves are yellow and its values are not the smallest; the figure shows row 2 column a has the consistently smallest (most negative) values, opposite to claiming (d) is smallest.",1317,4
ranking_error,logic_inconsistency,True,False,"Claims x_3,2 has largest gap of 6 seconds at 4 seconds, which contradicts Step 1's claim that gaps are <2s, and a 6-second gap is not observable in the 0-10s window at that time.",897,2
ranking_error,wrong_numeric_read,False,False,"The chart shows the global maximum occurs at t3 ≈ 40, not at t = 0 where f is near zero, so claiming the peak occurs at t = 0 is a misread of the visual data.",2347,1
ranking_error,ranking_error,True,True,"Concludes the second highest peak occurred between June 19th and July 3rd, which is false given the verified answer Aug. 28th and the visible taller peak near Aug. 28th after the crash.",1827,4
wrong_series_or_color,other_unspecified,True,False,"FAIL: With Magnitude Correction N=1 is a heatmap not a 'red dot', and claims ~9 dB which is impossible – the colorbar for ΔG(Ω) only goes 0-5 dB, with N=1's darkest red ~4-5 dB.",840,1
wrong_series_or_color,wrong_numeric_read,True,False,"Axis labels 'Score Decile' and 'Average Outcome' and groups 'FEMALE'/'MALE' are correctly identified, but the claim that the MALE group has consistently lower average outcomes is factually inverted — the chart shows MALE (teal) consistently higher than FEMALE (red) at every decile.",391,0
wrong_series_or_color,wrong_numeric_read,True,False,"Step 1 misreads the orange distribution: after London Hardfork data starts near 0 seconds, not around 9, and the frequency decreases beyond the peak rather than increasing towards 50.",462,1
wrong_series_or_color,wrong_numeric_read,True,False,"There is no crossing at ~0.1 s; the orange curve is steady at ~-88 A at that time. The actual second crossing is at startup near t=0.001 s, so claiming 0.1 s is a misreading.",787,2
wrong_series_or_color,other_unspecified,True,False,"The theoretical orange curve peaks slightly left of the tallest blue bar (around 0.35-0.45) and its true peak per ground truth is 0.5, so claiming it peaks at the same point as the simulated bars identified as 0.4 is inaccurate and propagates the prior error.",2203,3
wrong_series_or_color,wrong_series_or_color,True,True,"The data points inside the yellow shaded region are the blue dots for Laplacian Eigenmaps, not data points for the Chance line itself; Chance IS the yellow region.",2140,3
wrong_series_or_color,logic_inconsistency,False,False,"It states the yellow circle must share the same relative size as others, directly contradicting the question requirement that yellow is smaller than the other three. This is a logical error and does not advance correct identification.",1611,2
wrong_series_or_color,other_unspecified,False,False,"Brown (mu_opt=0.9) is at ~1.3e8 at epoch 150 and reaches zero around 155-157, not before 150, so the statement is false.",160,8
wrong_series_or_color,other_unspecified,True,False,"Ground truth and visual show OLFC-50 (cyan) has one point left of dummy at ~-0.3 and many right of dummy, while SDP-AR(1) (red) is only right. Concluding SDP-AR(1) is the method on both sides is incorrect.",971,4
wrong_series_or_color,wrong_series_or_color,True,True,"FAIL: Mislabels Laplacian Eigenmaps as a 'yellow line' when the legend and chart show it as blue dots, and incorrectly describes Chance as the same. This is a critical chart reading error.",2140,1
wrong_series_or_color,wrong_series_or_color,True,True,"On June 12, the Population of Previously Infected bar is also orange WT, not yellow, and no yellow Gamma segment is observable in either date's bar. Repeats color misidentification.",1585,2
wrong_series_or_color,other_unspecified,True,False,"It incorrectly implies red dashed lines are the inter-point connections to be counted after connecting endpoints, while actual red dashed lines are short reference lines for angles phi1-phi5, not connections.",650,3
wrong_series_or_color,logic_inconsistency,False,False,"Factually incorrect: curve 5 (purple, top) is relatively flat and decreases least steeply, while curve 3 and lower categories decrease more steeply with Risk Zones. The slope relationship is reversed.",2274,1
wrong_series_or_color,wrong_series_or_color,True,True,"Crude oil is correctly 28%, but oil products is 18% (orange 18% slice), not 7%; the 7% slice corresponds to a different category (Ferrous metals).",495,1
wrong_series_or_color,wrong_series_or_color,True,True,"Training loss at epoch 0 is correctly around 0.78, but validation loss (red) at epoch 0 starts near 0.69, not around 0.78. This is a factual misreading of the red curve.",1976,1
wrong_series_or_color,wrong_numeric_read,True,False,"Claims orange continues to decrease from 450-500, but chart shows orange increases from ~0.56 to ~0.60; blue claim true but overall step false.",1520,9
wrong_series_or_color,threshold_or_comparison,False,False,"Factual error - visual inspection of the top plot shows at least BG and BT (and CS near/above 100) with black median dots above 100, not just one. Ground truth confirms 3 variables are above 100.",2158,1
wrong_series_or_color,threshold_or_comparison,True,False,"Perpetuates the 6000-second error and fails to identify the correct method; it does not conclude that PARS (green) surpasses the threshold last, contradicting the visual data and ground truth.",756,3
wrong_series_or_color,wrong_numeric_read,True,False,"Step 1 claims bright lines start around frame 200 in the spk2 plot, which is factually incorrect; the chart shows spk2 silence (dark blue) ends and bright speech/attention appears at approximately frame 50, as per verified ground truth.",286,1
wrong_series_or_color,other_unspecified,True,False,"The steepest drop for Transverse τ^p (open blue squares, ground truth) occurs from ~0-4 THz, not at ~6 THz, and the label 'longitude transverse p-τ' conflates categories. Frequency location is incorrect.",1348,2
threshold_or_comparison,threshold_or_comparison,False,True,"This is factually false. In the Overnight rationing panel at ~1200 steps, three lines are below 60% - Missing (~53%), Width (~59%), and Uncertainty (~51%) - while only Corridor (~62%) is above, contradicting the claim of 'no data point' below 60% and the ground truth of 3.",543,1
threshold_or_comparison,threshold_or_comparison,True,True,"Step claims 2007 exceeds 6, but the chart shows 2007 as 0, which does not exceed 6.",137,10
threshold_or_comparison,threshold_or_comparison,False,True,"Specifically states the point at Sigma≈3 is above Risk=1.5, while the visual data shows that point is below 1.5 (approximately 1.2-1.4).",395,2
threshold_or_comparison,threshold_or_comparison,True,True,"Carries forward the error from Step 1, counting non-existent >35 min peaks on FRI, SAT, SUN. The chart shows only 3 peaks exceed 35, not 6, contradicting ground truth.",970,2
threshold_or_comparison,threshold_or_comparison,False,True,"Factually incorrect: at 1200 steps in Overnight rationing, only Corridor (~63%) is above 60%, while Width (~59%), Missing (~53%), and Uncertainty (~51%) are below 60%, contradicting the claim that all are higher.",543,1
threshold_or_comparison,threshold_or_comparison,True,True,"Step claims 2012 exceeds 6, but the chart shows 2012 as 5.",137,15
threshold_or_comparison,threshold_or_comparison,True,True,"No values were extracted in prior steps, and the claim that all three lines stabilize after Case 30 is false – TP-3 is stable from the start, while others remain noisy, making the comparison logically incoherent.",1015,4
threshold_or_comparison,threshold_or_comparison,True,True,"Step claims 2017 exceeds 6, but the chart shows 2017 as exactly 6.",137,20
threshold_or_comparison,threshold_or_comparison,True,True,"The curve is the stopping threshold that bounds the continuation region; the continuation region itself is the shaded area, and it exists both above and below indifference, not only above.",464,2
threshold_or_comparison,threshold_or_comparison,True,True,"The CC weekly correlation with CC daily 4.00PM is 0.53, not -0.017 which belongs to CC weekly vs Alex weekly. The comparison also duplicates labels and uses wrong row data.",1860,2
threshold_or_comparison,threshold_or_comparison,False,True,"Step 2 claims Exp 3 first drops below 200 at around 60 minutes, but the chart shows Exp 3 drops below 200 around 40 minutes (ground truth 40), making the reading inaccurate.",225,2
threshold_or_comparison,threshold_or_comparison,True,True,"Step repeats the incorrect 8000 value from Step 1, which contradicts the ground truth of 6000 and the actual plotted value for IA-Yolo ExDark at threshold 0.9.",181,2
threshold_or_comparison,threshold_or_comparison,True,True,"Factually incorrect – the y=8 segment is not less than all previous values, it is longer than y=14 and y=16, and the pattern of monotonic decrease claimed is false.",962,4
threshold_or_comparison,threshold_or_comparison,True,True,"Comparison is false: Nuclear operation safety factor has 33.1% Safe for Liberal Beneficial, which exceeds 32.8%, and the step builds on the prior misread of Safe vs Unsafe.",575,3
threshold_or_comparison,threshold_or_comparison,False,True,"Claims true is higher than estimated at x=400 but then gives values true ~-2 and estimated ~-1 where -1 > -2, so estimate is higher, creating an internal contradiction and contradicting ground truth that estimate runs above true for h1 in 400-450.",461,1
threshold_or_comparison,threshold_or_comparison,True,True,"Step claims 2005 exceeds 6, but the chart shows 2005 as exactly 6.",137,8
threshold_or_comparison,threshold_or_comparison,True,True,"Factually incorrect: only TUE (~40), WED (~40), and THU (~36) exceed 35; FRI peaks at ~31 and SAT/SUN are below 25. Claiming peaks exceed 35 on FRI, SAT, SUN misreads the y-values.",970,1
threshold_or_comparison,threshold_or_comparison,False,True,"FAIL: The ranges are factually wrong. DNN prices for 2-layer architectures are ~0.096-0.097, far below the claimed 0.1115-0.1095 range, and TNN drops to ~0.098-0.1035, contradicting the stated TNN range.",2030,1
threshold_or_comparison,threshold_or_comparison,False,True,"Same incorrect claim as previous step that true is above estimate at x=400, which is both redundant and factually opposite to the ground truth condition for h1.",461,3
threshold_or_comparison,threshold_or_comparison,True,True,"OLFC-50 has a point at score ~-0.3 (less than -0.2) on the left of dummy and many points on the right, so it does have points on both sides including the < -0.2 region. The claim that no method does is false and contradicts the visual.",971,3
wrong_numeric_read,wrong_numeric_read,True,True,"The histogram shows essentially zero frequency at weight 0.004 (inside the 'No long tail' ellipse), not ~130. This contradicts the chart and the ground truth frequency of 0.",183,1
wrong_numeric_read,wrong_numeric_read,True,True,"It concludes the quarter value is 7 by propagating the incorrect estimate from Step 1, contradicting the verified ground truth of 8.",488,2
wrong_numeric_read,wrong_numeric_read,True,True,"For initial rating A, the table shows AAA=0.0011 and A=0.9154, not 0.9154 for AAA, and B=0.0026 not BBB; the step misreads both values and their column labels.",1937,1
wrong_numeric_read,wrong_numeric_read,True,True,"Incorrect conclusion that Deep Root-MUSIC has more drastic decrease. Chart shows Root-MUSIC drops from ~5700 to ~0 at Index 2 instantly, while Deep decreases gradually, so Root-MUSIC is more drastic per ground truth.",890,4
wrong_numeric_read,wrong_numeric_read,True,True,"Misreads body (dim:200): Positive-Positive (~0.11) is actually larger than Negative-Negative (~0.08), contradicting the claimed 0.12 > 0.04.",1913,3
wrong_numeric_read,wrong_numeric_read,True,True,"At exactly epoch 150, not all curves are near zero - the μ_opt=0.7, 0.8, and 0.9 curves remain at high values (~0.6-1.3 x10^8). The statement that all curves have reached the steady value close to zero is factually false per the visual data.",160,1
wrong_numeric_read,wrong_numeric_read,True,True,"Claims POR (+ repr.) in pixel-based scores ~0.40, but the chart shows its median is around 0.60-0.65 in panel (b), so this is a clear misread of the visual data.",291,1
wrong_numeric_read,wrong_numeric_read,True,True,"The chart shows divergence starting at ~08:00 with large daytime separation 08:00-16:00, not early evening; claiming divergence appears around early evening is a factual misreading and contradicts the ground truth of 08:00.",722,2
wrong_numeric_read,wrong_numeric_read,True,True,"The step claims the most significant drop is around 298 eV, but the chart shows the sharpest common decline immediately after the ~295-296 eV peak, with ground truth at 296 eV; 298 eV misplaces the absorption edge and therefore contradicts the verified answer.",1253,1
wrong_numeric_read,wrong_numeric_read,True,True,"This step repeats the false N-body value and claims 'This work' is double that, which contradicts its own prior 1.5 estimate and misreads both curves at a3=0.1.",1406,3
wrong_numeric_read,wrong_numeric_read,True,True,"Incorrect for t>2: non-adaptive remains ~10^-5 to 10^-6 with a broad peak, not ~10^-10, and p-adaptive fluctuates up to ~10^-8, not fixed at ~10^-10.",965,3
wrong_numeric_read,wrong_numeric_read,True,True,"Step 1 misreads the chart: the drop from ~-0.3 to ~-0.8 occurs around x=100-105, not at x~75 and x~80 as claimed. The x-values provided are factually incorrect.",1987,1
wrong_numeric_read,wrong_numeric_read,True,True,"Incorrectly claims Female patients have 'more bars' than males; both genders have a bar for each age bin, the difference is in height not count. This misreads the visual data.",770,1
wrong_numeric_read,wrong_numeric_read,True,True,"This step claims g_B(r) at r=0.3 and r=0.4 have y-values of 0.8, 0.9, and 1.1, which is entirely false - the chart shows values around 0.4 to 0.8 and all curves are distinct, not identical.",1901,1
wrong_numeric_read,wrong_numeric_read,True,True,"Conflates two distinct labels ('Stackelberg equilibria' and 'Both players deviate...') into one point and misreads coordinates; the Stackelberg points are at ~0.25,0.5 and ~0.5,0.25, not 0.4,0.3, and 'Both players deviate' is near 0.32,0.35.",506,1
wrong_numeric_read,wrong_numeric_read,True,True,"The step claims GEM at 'newcache' is 1e+07, which contradicts the chart and ground truth of 1e+06; this is a visual misreading and causes FAIL.",179,2
wrong_numeric_read,wrong_numeric_read,True,True,Claiming 'no difference' and 'almost identical values' is factually incorrect; the chart shows a clear separation at final epoch (training lower than validation) with difference ~0.03 per ground truth.,636,2
wrong_numeric_read,wrong_numeric_read,True,True,"Fails visually: at log(h)=-2 curves are smooth and rising, not noisy. Also addresses 10 um solid lines instead of 1nm dotted lines asked in question, contradicting step 0 goal and misreading noise onset which is around 2 per ground truth.",1463,1
wrong_numeric_read,wrong_numeric_read,True,True,"The step claims the second y=2 occurs at z=5, but the chart shows at z=5 the value is 0; the actual second occurrence is at z=7, with two more occurrences missed.",1008,3
wrong_numeric_read,wrong_numeric_read,True,True,"Step 1 incorrectly claims exact values cannot be extracted directly. The chart explicitly shows y = max(0, x) with a flat line at y=0 for all x < 0, including -0.753, so the value is directly readable as 0.000 per ground truth.",703,1
logic_inconsistency,logic_inconsistency,True,True,"At Iteration index 5000, PAO-Fed-C2 ends at approximately 20 dB, not 30 dB. The value stated contradicts the chart.",243,2
logic_inconsistency,logic_inconsistency,False,True,"Factually incorrect - Source Port 389's median is ~17 Mbps and mean ~45 Mbps, not 1000, 500, 250 Mbps. Massively overestimates the log-scale values.",65,4
logic_inconsistency,logic_inconsistency,True,True,"The S_0 (S_O/S_S) plot shows only 2 prominent peaks (near ~0.4 and ~1.4 days), not distinct peaks at 0.5, 1.0, 1.5, and 2.0, directly contradicting the visual data and ground truth of 2.",794,1
logic_inconsistency,logic_inconsistency,False,True,"Factually incorrect reading of the chart: the solid θ=45° (magenta triangles) curve at E=1.00 has D≈0.08-0.10, not 0.38. The value 0.38 corresponds to the θ=135° curve, so it mislabels the intersecting pair despite reaching the correct labels.",930,1
logic_inconsistency,logic_inconsistency,False,True,"Step 2 concludes a purely positive trend, which is factually wrong; the visual curve shows x3 increasing then decreasing, and ground truth is 'increase then decrease', so the reasoning is incorrect.",920,2
logic_inconsistency,logic_inconsistency,True,True,"At log(h) = -2 (the h=Δx line) the 1nm dotted curves are smooth and just rising, not noisy; the noisy regime starts at positive values around log(h) ≈ 2, contradicting the ground truth of 2.",1463,1
logic_inconsistency,logic_inconsistency,False,True,"Step 1 is factually incorrect - carcasses per m² does not decrease from 0; both the points and fitted line increase from 0 to ~10m before decreasing, so it is not monotonically decreasing.",2307,1
logic_inconsistency,logic_inconsistency,True,True,"Step 2 concludes the UAV trajectory intersects three obstacles, which contradicts the visual evidence of avoidance and the verified ground truth of 0 intersections.",757,2
logic_inconsistency,logic_inconsistency,True,True,"Again claims variance around 0.1 and close to zero, which contradicts visual evidence where ShapeWorld ρ (Hausdorff) Concept bar has large error bars indicating high variance, not near zero.",113,3
logic_inconsistency,logic_inconsistency,True,True,"Incorrect trend description and logical inconsistency: Subaru M31 (dotted) peaked much earlier around log M ~ -6 and is not starting to decline at 0, and EROS does not continue rising past 0 in the described way. This contradicts the chart and the ground truth that Subaru peaks first.",1225,2
logic_inconsistency,logic_inconsistency,True,True,"Fails: concludes US has greatest divergence in 2010-2019, contradicting ground truth ES, which shows stronger color contrast/divergence in the 2010-2019 row.",421,4
logic_inconsistency,logic_inconsistency,True,True,"Repeats the solid-line misidentification and claims greatest fluctuation is mid-December 2020, which contradicts the chart where both dotted supply and borrow rates show much larger volatility around 2021-03, matching ground truth 2021-03.",1932,1
logic_inconsistency,logic_inconsistency,True,True,"Factually incorrect – visually the y=14 segment (x~1.75-2.0) is longer than the y=16 segment, not shorter; contradicts the actual data and the established ground truth.",962,2
logic_inconsistency,logic_inconsistency,True,True,"Step 2 concludes the noisy onset is at approximately -1, which contradicts the chart where the 1nm curves become noisy at ~2, and contradicts the ground truth answer of 2.",1463,2
logic_inconsistency,logic_inconsistency,True,True,"The longest segment is at y=2 with length ~1.0 unit (x=0 to 1), not at y=10. This contradicts the chart and the ground truth answer of 2.",962,4
logic_inconsistency,logic_inconsistency,True,True,"Incorrect conclusion that carcasses per m² decreases as distance increases, contradicting the chart's initial rise and the ground truth answer of No for monotonic decrease.",2307,2
logic_inconsistency,logic_inconsistency,True,True,log(λ)=0.0 is not within plot b's range and the statement repeats garbled θ notation. It fails to identify areas in plot b and contradicts ground truth that θ₃ occupies most area.,1607,2
logic_inconsistency,logic_inconsistency,True,True,"Repeats the error that both show a smooth curve before change point, which contradicts the visual difference where garage is visibly smoother than phone, and fails to identify garage as the answer per ground truth.",180,3
logic_inconsistency,logic_inconsistency,True,True,"Incorrect conclusion that both have same upper bound; visually RS GRAPE at epsilon1=0.2 peaks higher than Adaptive RS GRAPE, contradicting ground truth that RS GRAPE has wider extent.",1314,2
logic_inconsistency,logic_inconsistency,True,True,"Concludes four local minima in 3-6, which contradicts the chart and ground truth answer of 1. The count is factually wrong.",1138,2
other_unspecified,other_unspecified,,True,"Concludes an exact period cannot be provided due to complexity, which is false — the voltage top panel shows ~4 cycles in 4000ms giving ~1000ms period, matching the ground truth answer of 1000ms.",2133,3
other_unspecified,other_unspecified,,True,"Claims only one group has 95% CI including zero, which is false. Chart A shows three CIs crossing zero: MS Unrestricted (-13.0,74.9), MS CD4≤400 (-10.4,65.6), and MS CD4≤300 (-6.9,58.4), matching ground truth of 3.",2372,2
other_unspecified,other_unspecified,,True,"It falsely claims precise values aren't given, while the colorbar explicitly labels 0.10 and 0.32 nA, leaving the actual upper bound 0.32 nA unread.",1332,3
other_unspecified,other_unspecified,,True,"The value -0.017 is the correlation for CC weekly vs Alex weekly, not a 9.30AM daily measurement. At row Alex daily 9.30AM, Alex weekly is 0.12, not -0.017, so the label and number are misattributed.",1860,2
other_unspecified,other_unspecified,,True,"Repeats the issue 'Not asking about existing system' but assigns it 5 and 5, which actually belong to 'Asking long question'. This is a mislabeling and data duplication error.",247,5
other_unspecified,other_unspecified,,True,"While the ground truth peak count is 3, inferring peaks directly from 3 t-axis crossings is mathematically invalid - crossings do not equal peaks. The numeric coincidence does not fix the flawed logic equating zero-crossings to peaks.",1036,4
other_unspecified,other_unspecified,,True,"Claims 5-10 cycles per unit interval, which is incorrect. The ground truth is 3 distinct oscillatory burst patterns in the entire plot (~0.5, ~1.3, ~2.1), confusing high-frequency intra-burst oscillations with the large-scale envelope cycles.",1672,3
other_unspecified,other_unspecified,,True,"Repeats the false extraction that male bars are taller at all ages. Visual inspection shows female and male distributions overlap with females shifted older, so the claim is incorrect.",770,2
other_unspecified,other_unspecified,,True,"Step 0 instructs to examine medians 'across all plots' while the question explicitly asks only about the top plot, misrepresenting the task scope despite the chart having three distinct panels.",2158,0
other_unspecified,other_unspecified,,True,"Top-left chart between 0-200 s is highly noisy with large amplitude swings, not stable single values; calculating -0.09 - (-0.04) = -0.05 as 'variance' continues the conceptual error of using endpoint difference for variance.",1330,1
other_unspecified,other_unspecified,,True,"Does not correct the 0.8 estimate and continues to treat it as the candidate closest point, while visual data shows minimal gap at x=1.0; fails to reach correct conclusion.",1511,3
other_unspecified,other_unspecified,,True,Concluding both M74 and O84 qualify is false; only M74_M75-Other Science meets the decrease-in-model and increase-in-empirical condition per ground truth and visual data.,394,3
other_unspecified,other_unspecified,,True,Step 0 contains only garbled text 'DataData' with no meaningful description of the chart; it is not factually accurate or informative.,2004,0
other_unspecified,other_unspecified,,True,"Concludes by comparing n_e=25 < n_e=30 which does not identify a single n_e satisfying both conditions and fails to produce ground truth 35, misapplying previous extractions.",96,5
other_unspecified,other_unspecified,,True,"Continues to rely on the non-existent 'color transition point' from the failed prior step, perpetuating the factual error and providing no valid averaging logic to support x=30.",697,3
other_unspecified,wrong_series_or_color,,False,"At x=800 the two lines are converging in a dip and are close together, not far apart, and increase from 0 to 800 must be measured as y(800)-y(0), not by inter-line distance. The phrasing is also logically incoherent.",1914,2
other_unspecified,other_unspecified,,True,"Step 0 contains garbled duplicated text 'Step 1: and and' and does not form a coherent factual statement about the chart, failing basic accuracy.",1713,0
other_unspecified,other_unspecified,,True,"This step propagates the incorrect 30% and 75% values, incorrectly frames the task as comparing models rather than finding in which chart the two lines are closest at 10 hops, and fails to identify the correct chart (Training on 4-hop Questions).",268,3
other_unspecified,other_unspecified,,True,"The count of eight months from February to December is wrong; February to December is 11 months, the listed months from prior steps would be 9, and the true count per chart is 7 (Jan, Feb, Mar, Apr, May, Jun, Dec).",1413,3
other_unspecified,wrong_series_or_color,,False,"Reduces the task to checking if count >0 instead of determining how many minima exist, so it never arrives at the ground-truth count of 2 and is logically incoherent with the question.",649,4
